Pension Number,cdx277t
Name,H D BOUWER
Title,Administrative Co-ordinator
,
,
Functional Competency,RequiredRating,EmployeeRating,Manager Rating,Agreed Rating,Weightage
,
A Test,5
,
,
Generic Competency / Trait,RequiredRating,EmployeeRating,Manager Rating,Agreed Rating,Weightage
,
Sensitivity,5
Enthusiasm,5
Meticulousness / Thoroughness,5
Cooperative,5
Analytical skills,5
Patience,5
Quality conscious,5
Openness (Receptive),5
Quest for Improvement,5
Listening skills,5
Mentoring / Coaching skills,5
Consistency in Behavior,5
Commitment to sharing,5
Planning & Organizing Skills,5
Supervision & Monitoring skills,5
Lateral thinking / Creativity,5
Presentation & Public speaking skills,5
