,
Training Intervention:ANALYTICAL THINKING 2.00,
,Employee Number,Employee Full Name,Business Unit,Division,Department,Weighted Gap
,CFH069W,KARONAGARIE SUBROYEN,Procurement & Infrastructure,Log & Infrastru,SAA Corporate Clothing,0.50
,
Training Intervention:ANALYTICAL THINKING 5.00,
,Employee Number,Employee Full Name,Business Unit,Division,Department,Weighted Gap
,CDR821P,IZANNE KOTZE,Global Pass Ser& Operation Sup,Intl. Stations,Claims,2.00
,SBC955W,ELIZABETH NTSIBANDE,Strategy & Planning,Revenue Mngmnt,Revenue Enhancement & Groups,4.00
,CDR821P,IZANNE KOTZE,Global Pass Ser& Operation Sup,Intl. Stations,Claims,2.00
,CDS770D,THULANI NZIMA,Global Sales - Call Centre,Coastal,Coastal,0.80
,SBC955W,ELIZABETH NTSIBANDE,Strategy & Planning,Revenue Mngmnt,Revenue Enhancement & Groups,4.00
,CDR821P,IZANNE KOTZE,Global Pass Ser& Operation Sup,Intl. Stations,Claims,2.00
,CDS770D,THULANI NZIMA,Global Sales - Call Centre,Coastal,Coastal,0.80
,SBB658Y,TLALE MOHAPI,Strategy & Planning,Revenue Mngmnt,Revenue Enhancement & Groups,0.40
,
Training Intervention:Assertiveness 4.00,
,Employee Number,Employee Full Name,Business Unit,Division,Department,Weighted Gap
,SBL016M,GORDY KRISMIS,Global Pass Ser& Operation Sup,Dom. GRJ,Passenger Operations,2.50
,SBB980P,IRVIN LINDANI,Global Pass Ser& Operation Sup,Dom. PLZ,Passenger Operations,2.50
,SBB670W,CONGRESS SAMBO,Global Pass Ser& Operation Sup,Intl. Stations,Domestic Departures/Arrivals/Ticketing,1.50
,BSN329U,CECIL MASIBA,Global Pass Ser& Operation Sup,Dom. ELS,Passenger Operations,1.00
,SBH152C,JOSEPH KGONGWANE,Global Pass Ser& Operation Sup,Dom. JHB,International Departures / Arrivals,1.00
,
Training Intervention:Attention to detail 4.00,
,Employee Number,Employee Full Name,Business Unit,Division,Department,Weighted Gap
,SBH154L,JOHANN NELL,Global Pass Ser& Operation Sup,Intl. Stations,Domestic Departures/Arrivals/Ticketing,2.50
,SBL016M,GORDY KRISMIS,Global Pass Ser& Operation Sup,Dom. GRJ,Passenger Operations,2.00
,
Training Intervention:VERBAL COMMUNICATION 5.00,
,Employee Number,Employee Full Name,Business Unit,Division,Department,Weighted Gap
,BSN329U,CECIL MASIBA,Global Pass Ser& Operation Sup,Dom. ELS,Passenger Operations,3.00
,SBH152C,JOSEPH KGONGWANE,Global Pass Ser& Operation Sup,Dom. JHB,International Departures / Arrivals,3.00
,SBH154L,JOHANN NELL,Global Pass Ser& Operation Sup,Intl. Stations,Domestic Departures/Arrivals/Ticketing,2.00
,CDR821P,IZANNE KOTZE,Global Pass Ser& Operation Sup,Intl. Stations,Claims,2.00
