,
Training Intervention:ANALYTICAL THINKING 3.00,
,Employee Number,Employee Full Name,Business Unit,Division,Department,Weighted Gap
,SBL114T,BRENDA TIFFLIN,Human Resources,Talent Man,Talent Management,0.33
,
Training Intervention:ANALYTICAL THINKING 5.00,
,Employee Number,Employee Full Name,Business Unit,Division,Department,Weighted Gap
,856173T,JACOB BASSON,Strategy & Planning,Revenue Mngmnt,Revenue Management,0.40
,
Training Intervention:Assertiveness 4.00,
,Employee Number,Employee Full Name,Business Unit,Division,Department,Weighted Gap
,704950M,ERIC ZWARTS,Procurement & Infrastructure,Log & Infrastru,Procurement,0.25
,
Training Intervention:Customer focused 3.00,
,Employee Number,Employee Full Name,Business Unit,Division,Department,Weighted Gap
,666574C,PETRUS VOSLOO,Strategy & Planning,Revenue Mngmnt,Revenue Management Support & Codeshares,0.67
,
Training Intervention:Customer focused 5.00,
,Employee Number,Employee Full Name,Business Unit,Division,Department,Weighted Gap
,CDS770D,THULANI NZIMA,Global Sales - Call Centre,Coastal,Coastal,0.40
,BKB826U,DIHLOKOE MOHAPI,Procurement & Infrastructure,Log & Infrastru,SAA Corporate Clothing,0.80
,704950M,ERIC ZWARTS,Procurement & Infrastructure,Log & Infrastru,Procurement,0.80
,SBL370C,MELINDA GOUWS,Procurement & Infrastructure,Log & Infrastru,SAA Corporate Clothing,0.80
,872792N,GEORGE VAN DER MERWE,Procurement & Infrastructure,Log & Infrastru,Purchasing,1.00
