,
Training Intervention:ANALYTICAL THINKING 5.00,
,Employee Number,Employee Full Name,Business Unit,Division,Department,Weighted Gap
,SBC955W,ELIZABETH NTSIBANDE,Strategy & Planning,Revenue Mngmnt,Revenue Enhancement & Groups,4.00
,CDR821P,IZANNE KOTZE,Global Pass Ser& Operation Sup,Intl. Stations,Claims,2.00
,CDS770D,THULANI NZIMA,Global Sales - Call Centre,Coastal,Coastal,0.80
,
Training Intervention:Accountable 5.00,
,Employee Number,Employee Full Name,Business Unit,Division,Department,Weighted Gap
,SBL369J,MAGDELINE SEREKEGO,Procurement & Infrastructure,Log & Infrastru,SAA Corporate Clothing,3.00
,666574C,PETRUS VOSLOO,Strategy & Planning,Revenue Mngmnt,Revenue Management Support & Codeshares,1.60
,SBL371B,BELINDA VIEIRA,Procurement & Infrastructure,Log & Infrastru,SAA Corporate Clothing,1.20
,
Training Intervention:Assertiveness 4.00,
,Employee Number,Employee Full Name,Business Unit,Division,Department,Weighted Gap
,SBB980P,IRVIN LINDANI,Global Pass Ser& Operation Sup,Dom. PLZ,Passenger Operations,2.50
,SBL016M,GORDY KRISMIS,Global Pass Ser& Operation Sup,Dom. GRJ,Passenger Operations,2.50
,
Training Intervention:Assertiveness 5.00,
,Employee Number,Employee Full Name,Business Unit,Division,Department,Weighted Gap
,CDS770D,THULANI NZIMA,Global Sales - Call Centre,Coastal,Coastal,1.60
,
Training Intervention:Attention to detail 4.00,
,Employee Number,Employee Full Name,Business Unit,Division,Department,Weighted Gap
,SBH154L,JOHANN NELL,Global Pass Ser& Operation Sup,Intl. Stations,Domestic Departures/Arrivals/Ticketing,2.50
,
Training Intervention:Attention to detail 5.00,
,Employee Number,Employee Full Name,Business Unit,Division,Department,Weighted Gap
,SBF245E,ANNIE KIBI,Global Sales - Call Centre,Sales Support,Africa,4.00
,SBL369J,MAGDELINE SEREKEGO,Procurement & Infrastructure,Log & Infrastru,SAA Corporate Clothing,3.60
,
Training Intervention:CHANGE MANAGEMENT 4.00,
,Employee Number,Employee Full Name,Business Unit,Division,Department,Weighted Gap
,CDS770D,THULANI NZIMA,Global Sales - Call Centre,Coastal,Coastal,0.50
,
Training Intervention:CHANGE MANAGEMENT 5.00,
,Employee Number,Employee Full Name,Business Unit,Division,Department,Weighted Gap
,SBC955W,ELIZABETH NTSIBANDE,Strategy & Planning,Revenue Mngmnt,Revenue Enhancement & Groups,3.00
,856173T,JACOB BASSON,Strategy & Planning,Revenue Mngmnt,Revenue Management,0.40
,
Training Intervention:CONFLICT RESOLUTION AND MEDIATION 4.00,
,Employee Number,Employee Full Name,Business Unit,Division,Department,Weighted Gap
,SBJ140Q,ANDRE MAY,Global Pass Ser& Operation Sup,Dom. GRJ,Passenger Operations,2.50
,SBB289K,HANUSKA ABOO,Operations Support,Operations,Crew Management Johannesburg,2.50
,CFQ037F,NOMSA ZONDANE,Cargo,Marketing JIA,Reservations Cargo,2.50
,
Training Intervention:Collaborative participative 4.00,
,Employee Number,Employee Full Name,Business Unit,Division,Department,Weighted Gap
,856173T,JACOB BASSON,Strategy & Planning,Revenue Mngmnt,Revenue Management,5.00
,BSN329U,CECIL MASIBA,Global Pass Ser& Operation Sup,Dom. ELS,Passenger Operations,1.50
,666574C,PETRUS VOSLOO,Strategy & Planning,Revenue Mngmnt,Revenue Management Support & Codeshares,1.50
,
Training Intervention:Curiosity 4.00,
,Employee Number,Employee Full Name,Business Unit,Division,Department,Weighted Gap
,SBL370C,MELINDA GOUWS,Procurement & Infrastructure,Log & Infrastru,SAA Corporate Clothing,1.50
,SBL369J,MAGDELINE SEREKEGO,Procurement & Infrastructure,Log & Infrastru,SAA Corporate Clothing,1.50
,
Training Intervention:Curiosity 5.00,
,Employee Number,Employee Full Name,Business Unit,Division,Department,Weighted Gap
,CDS770D,THULANI NZIMA,Global Sales - Call Centre,Coastal,Coastal,1.20
,
Training Intervention:Customer focused 5.00,
,Employee Number,Employee Full Name,Business Unit,Division,Department,Weighted Gap
,SBL371B,BELINDA VIEIRA,Procurement & Infrastructure,Log & Infrastru,SAA Corporate Clothing,2.80
,SBL369J,MAGDELINE SEREKEGO,Procurement & Infrastructure,Log & Infrastru,SAA Corporate Clothing,1.80
,SBL368V,DORIS MOYANGA,Procurement & Infrastructure,Log & Infrastru,SAA Corporate Clothing,1.20
,
Training Intervention:DELEGATION 3.00,
,Employee Number,Employee Full Name,Business Unit,Division,Department,Weighted Gap
,MBD938G,BENEDICTOR FAKUDE,Corporate Finance,Treasury Ops,Treasury Finance,0.67
,772115A,CATHARINA ALBARN,Operations,Ops & Standards,Administration,0.67
,
Training Intervention:DELEGATION 5.00,
,Employee Number,Employee Full Name,Business Unit,Division,Department,Weighted Gap
,SBC955W,ELIZABETH NTSIBANDE,Strategy & Planning,Revenue Mngmnt,Revenue Enhancement & Groups,1.00
,
Training Intervention:ENERGIZING AND MOTIVATING TEAMS 4.00,
,Employee Number,Employee Full Name,Business Unit,Division,Department,Weighted Gap
,SBJ140Q,ANDRE MAY,Global Pass Ser& Operation Sup,Dom. GRJ,Passenger Operations,2.50
,SBB980P,IRVIN LINDANI,Global Pass Ser& Operation Sup,Dom. PLZ,Passenger Operations,2.50
,
Training Intervention:ENERGIZING AND MOTIVATING TEAMS 5.00,
,Employee Number,Employee Full Name,Business Unit,Division,Department,Weighted Gap
,SBC955W,ELIZABETH NTSIBANDE,Strategy & Planning,Revenue Mngmnt,Revenue Enhancement & Groups,4.00
,
Training Intervention:Excellence in performance 3.00,
,Employee Number,Employee Full Name,Business Unit,Division,Department,Weighted Gap
,SBL369J,MAGDELINE SEREKEGO,Procurement & Infrastructure,Log & Infrastru,SAA Corporate Clothing,1.67
,
Training Intervention:Excellence in performance 5.00,
,Employee Number,Employee Full Name,Business Unit,Division,Department,Weighted Gap
,CDS770D,THULANI NZIMA,Global Sales - Call Centre,Coastal,Coastal,1.20
,CFJ565W,MARTIN KHUMALO,Alliances,Network,Fleet Systems & Development,1.20
,
Training Intervention:Flexibility and adaptability 4.00,
,Employee Number,Employee Full Name,Business Unit,Division,Department,Weighted Gap
,856173T,JACOB BASSON,Strategy & Planning,Revenue Mngmnt,Revenue Management,1.25
,CDS770D,THULANI NZIMA,Global Sales - Call Centre,Coastal,Coastal,1.00
,BSN329U,CECIL MASIBA,Global Pass Ser& Operation Sup,Dom. ELS,Passenger Operations,1.00
,
Training Intervention:Humility 3.00,
,Employee Number,Employee Full Name,Business Unit,Division,Department,Weighted Gap
,SBL036P,CAROLINE PARKER,Finance,Pass Rev Acc,Revenue Accounting,0.67
,
Training Intervention:Humility 4.00,
,Employee Number,Employee Full Name,Business Unit,Division,Department,Weighted Gap
,856173T,JACOB BASSON,Strategy & Planning,Revenue Mngmnt,Revenue Management,1.25
,CDS770D,THULANI NZIMA,Global Sales - Call Centre,Coastal,Coastal,1.00
,
Training Intervention:INTERPERSONAL 3.00,
,Employee Number,Employee Full Name,Business Unit,Division,Department,Weighted Gap
,CFH069W,KARONAGARIE SUBROYEN,Procurement & Infrastructure,Log & Infrastru,SAA Corporate Clothing,2.00
,
Training Intervention:INTERPERSONAL 4.00,
,Employee Number,Employee Full Name,Business Unit,Division,Department,Weighted Gap
,SBF245E,ANNIE KIBI,Global Sales - Call Centre,Sales Support,Africa,2.50
,
Training Intervention:INTERPERSONAL 5.00,
,Employee Number,Employee Full Name,Business Unit,Division,Department,Weighted Gap
,SBB658Y,TLALE MOHAPI,Strategy & Planning,Revenue Mngmnt,Revenue Enhancement & Groups,2.00
,
Training Intervention:LATERAL THINKING AND CREATIVITY 3.00,
,Employee Number,Employee Full Name,Business Unit,Division,Department,Weighted Gap
,SBJ140Q,ANDRE MAY,Global Pass Ser& Operation Sup,Dom. GRJ,Passenger Operations,1.67
,
Training Intervention:LATERAL THINKING AND CREATIVITY 5.00,
,Employee Number,Employee Full Name,Business Unit,Division,Department,Weighted Gap
,SBC955W,ELIZABETH NTSIBANDE,Strategy & Planning,Revenue Mngmnt,Revenue Enhancement & Groups,2.00
,SBB658Y,TLALE MOHAPI,Strategy & Planning,Revenue Mngmnt,Revenue Enhancement & Groups,1.20
,
Training Intervention:LISTENING 4.00,
,Employee Number,Employee Full Name,Business Unit,Division,Department,Weighted Gap
,SBC955W,ELIZABETH NTSIBANDE,Strategy & Planning,Revenue Mngmnt,Revenue Enhancement & Groups,2.50
,SBB980P,IRVIN LINDANI,Global Pass Ser& Operation Sup,Dom. PLZ,Passenger Operations,1.50
,SBB643D,EMMA RAMODIBE,Global Pass Ser& Operation Sup,Intl. Stations,Domestic Departures/Arrivals/Ticketing,1.25
,
Training Intervention:MENTORING AND COACHING 4.00,
,Employee Number,Employee Full Name,Business Unit,Division,Department,Weighted Gap
,SBC955W,ELIZABETH NTSIBANDE,Strategy & Planning,Revenue Mngmnt,Revenue Enhancement & Groups,1.25
,666574C,PETRUS VOSLOO,Strategy & Planning,Revenue Mngmnt,Revenue Management Support & Codeshares,0.50
,CDS770D,THULANI NZIMA,Global Sales - Call Centre,Coastal,Coastal,0.25
,
Training Intervention:NEGOTIATION 5.00,
,Employee Number,Employee Full Name,Business Unit,Division,Department,Weighted Gap
,SBC955W,ELIZABETH NTSIBANDE,Strategy & Planning,Revenue Mngmnt,Revenue Enhancement & Groups,4.00
,BKB826U,DIHLOKOE MOHAPI,Procurement & Infrastructure,Log & Infrastru,SAA Corporate Clothing,3.00
,CDR821P,IZANNE KOTZE,Global Pass Ser& Operation Sup,Intl. Stations,Claims,2.00
,
Training Intervention:NETWORKING 4.00,
,Employee Number,Employee Full Name,Business Unit,Division,Department,Weighted Gap
,SBC955W,ELIZABETH NTSIBANDE,Strategy & Planning,Revenue Mngmnt,Revenue Enhancement & Groups,2.50
,BKB826U,DIHLOKOE MOHAPI,Procurement & Infrastructure,Log & Infrastru,SAA Corporate Clothing,2.00
,SBL369J,MAGDELINE SEREKEGO,Procurement & Infrastructure,Log & Infrastru,SAA Corporate Clothing,1.50
,
Training Intervention:Optimism and positive thinking 4.00,
,Employee Number,Employee Full Name,Business Unit,Division,Department,Weighted Gap
,856173T,JACOB BASSON,Strategy & Planning,Revenue Mngmnt,Revenue Management,1.25
,SBH154L,JOHANN NELL,Global Pass Ser& Operation Sup,Intl. Stations,Domestic Departures/Arrivals/Ticketing,1.00
,
Training Intervention:Optimism and positive thinking 5.00,
,Employee Number,Employee Full Name,Business Unit,Division,Department,Weighted Gap
,CDS770D,THULANI NZIMA,Global Sales - Call Centre,Coastal,Coastal,0.80
,
Training Intervention:PERFORMANCE MANAGEMENT 5.00,
,Employee Number,Employee Full Name,Business Unit,Division,Department,Weighted Gap
,SBC955W,ELIZABETH NTSIBANDE,Strategy & Planning,Revenue Mngmnt,Revenue Enhancement & Groups,2.00
,666574C,PETRUS VOSLOO,Strategy & Planning,Revenue Mngmnt,Revenue Management Support & Codeshares,2.00
,SBB658Y,TLALE MOHAPI,Strategy & Planning,Revenue Mngmnt,Revenue Enhancement & Groups,2.00
,
Training Intervention:PERSUADING AND INFLUENCING 4.00,
,Employee Number,Employee Full Name,Business Unit,Division,Department,Weighted Gap
,SBL369J,MAGDELINE SEREKEGO,Procurement & Infrastructure,Log & Infrastru,SAA Corporate Clothing,1.50
,
Training Intervention:PERSUADING AND INFLUENCING 5.00,
,Employee Number,Employee Full Name,Business Unit,Division,Department,Weighted Gap
,CDR821P,IZANNE KOTZE,Global Pass Ser& Operation Sup,Intl. Stations,Claims,2.00
,SBC955W,ELIZABETH NTSIBANDE,Strategy & Planning,Revenue Mngmnt,Revenue Enhancement & Groups,2.00
,
Training Intervention:PLANNING AND ORGANIZING 4.00,
,Employee Number,Employee Full Name,Business Unit,Division,Department,Weighted Gap
,BSN329U,CECIL MASIBA,Global Pass Ser& Operation Sup,Dom. ELS,Passenger Operations,2.50
,
Training Intervention:PLANNING AND ORGANIZING 5.00,
,Employee Number,Employee Full Name,Business Unit,Division,Department,Weighted Gap
,MBD938G,BENEDICTOR FAKUDE,Corporate Finance,Treasury Ops,Treasury Finance,2.00
,SBF245E,ANNIE KIBI,Global Sales - Call Centre,Sales Support,Africa,2.00
,
Training Intervention:PRESENTATION AND PUBLIC SPEAKING 4.00,
,Employee Number,Employee Full Name,Business Unit,Division,Department,Weighted Gap
,856173T,JACOB BASSON,Strategy & Planning,Revenue Mngmnt,Revenue Management,0.50
,SBB658Y,TLALE MOHAPI,Strategy & Planning,Revenue Mngmnt,Revenue Enhancement & Groups,0.50
,
Training Intervention:PRESENTATION AND PUBLIC SPEAKING 5.00,
,Employee Number,Employee Full Name,Business Unit,Division,Department,Weighted Gap
,CDS770D,THULANI NZIMA,Global Sales - Call Centre,Coastal,Coastal,0.40
,
Training Intervention:PROBLEM SOLVING 4.00,
,Employee Number,Employee Full Name,Business Unit,Division,Department,Weighted Gap
,SBH152C,JOSEPH KGONGWANE,Global Pass Ser& Operation Sup,Dom. JHB,International Departures / Arrivals,5.00
,SBL016M,GORDY KRISMIS,Global Pass Ser& Operation Sup,Dom. GRJ,Passenger Operations,5.00
,
Training Intervention:PROBLEM SOLVING 5.00,
,Employee Number,Employee Full Name,Business Unit,Division,Department,Weighted Gap
,SBB289K,HANUSKA ABOO,Operations Support,Operations,Crew Management Johannesburg,4.00
,
Training Intervention:PROFESSIONALISM 5.00,
,Employee Number,Employee Full Name,Business Unit,Division,Department,Weighted Gap
,SBH152C,JOSEPH KGONGWANE,Global Pass Ser& Operation Sup,Dom. JHB,International Departures / Arrivals,6.00
,SBL016M,GORDY KRISMIS,Global Pass Ser& Operation Sup,Dom. GRJ,Passenger Operations,4.00
,856173T,JACOB BASSON,Strategy & Planning,Revenue Mngmnt,Revenue Management,3.50
,
Training Intervention:Patience 4.00,
,Employee Number,Employee Full Name,Business Unit,Division,Department,Weighted Gap
,CDS770D,THULANI NZIMA,Global Sales - Call Centre,Coastal,Coastal,2.00
,BBN532V,BASI MOTSUSI,Global Pass Ser& Operation Sup,Intl. Stations,Planning & Quality Assurance,2.00
,SBL370C,MELINDA GOUWS,Procurement & Infrastructure,Log & Infrastru,SAA Corporate Clothing,1.50
,
Training Intervention:Perseverance 3.00,
,Employee Number,Employee Full Name,Business Unit,Division,Department,Weighted Gap
,SBB670W,CONGRESS SAMBO,Global Pass Ser& Operation Sup,Intl. Stations,Domestic Departures/Arrivals/Ticketing,1.33
,
Training Intervention:Perseverance 4.00,
,Employee Number,Employee Full Name,Business Unit,Division,Department,Weighted Gap
,SBL371B,BELINDA VIEIRA,Procurement & Infrastructure,Log & Infrastru,SAA Corporate Clothing,1.50
,SBL369J,MAGDELINE SEREKEGO,Procurement & Infrastructure,Log & Infrastru,SAA Corporate Clothing,1.50
,
Training Intervention:Polite and courteous 5.00,
,Employee Number,Employee Full Name,Business Unit,Division,Department,Weighted Gap
,SBF245E,ANNIE KIBI,Global Sales - Call Centre,Sales Support,Africa,4.00
,SBH636C,CONSTANCE MUGAWAZI,Finance,Fin Accounting,Group Credit,2.00
,772115A,CATHARINA ALBARN,Operations,Ops & Standards,Administration,2.00
,
Training Intervention:Presentable appearance 5.00,
,Employee Number,Employee Full Name,Business Unit,Division,Department,Weighted Gap
,SBB980P,IRVIN LINDANI,Global Pass Ser& Operation Sup,Dom. PLZ,Passenger Operations,3.00
,BSN329U,CECIL MASIBA,Global Pass Ser& Operation Sup,Dom. ELS,Passenger Operations,3.00
,SBF245E,ANNIE KIBI,Global Sales - Call Centre,Sales Support,Africa,3.00
,
Training Intervention:Pro-active 4.00,
,Employee Number,Employee Full Name,Business Unit,Division,Department,Weighted Gap
,SBL369J,MAGDELINE SEREKEGO,Procurement & Infrastructure,Log & Infrastru,SAA Corporate Clothing,1.50
,CFJ565W,MARTIN KHUMALO,Alliances,Network,Fleet Systems & Development,1.00
,BSN329U,CECIL MASIBA,Global Pass Ser& Operation Sup,Dom. ELS,Passenger Operations,1.00
,
Training Intervention:Quality conscious 5.00,
,Employee Number,Employee Full Name,Business Unit,Division,Department,Weighted Gap
,SBF245E,ANNIE KIBI,Global Sales - Call Centre,Sales Support,Africa,4.00
,BKB826U,DIHLOKOE MOHAPI,Procurement & Infrastructure,Log & Infrastru,SAA Corporate Clothing,4.00
,SBL369J,MAGDELINE SEREKEGO,Procurement & Infrastructure,Log & Infrastru,SAA Corporate Clothing,3.00
,
Training Intervention:RISK MANAGEMENT 3.00,
,Employee Number,Employee Full Name,Business Unit,Division,Department,Weighted Gap
,856173T,JACOB BASSON,Strategy & Planning,Revenue Mngmnt,Revenue Management,0.33
,
Training Intervention:SHARING 4.00,
,Employee Number,Employee Full Name,Business Unit,Division,Department,Weighted Gap
,SBB980P,IRVIN LINDANI,Global Pass Ser& Operation Sup,Dom. PLZ,Passenger Operations,1.50
,SBL036P,CAROLINE PARKER,Finance,Pass Rev Acc,Revenue Accounting,1.50
,CFH069W,KARONAGARIE SUBROYEN,Procurement & Infrastructure,Log & Infrastru,SAA Corporate Clothing,1.50
,
Training Intervention:STRATEGIZING 4.00,
,Employee Number,Employee Full Name,Business Unit,Division,Department,Weighted Gap
,BQS821M,ANNA-MARIE BOTHA,Procurement & Infrastructure,Log & Infrastru,Procurement & Infrstructure,1.00
,
Training Intervention:STRATEGIZING 5.00,
,Employee Number,Employee Full Name,Business Unit,Division,Department,Weighted Gap
,856173T,JACOB BASSON,Strategy & Planning,Revenue Mngmnt,Revenue Management,2.00
,SBB658Y,TLALE MOHAPI,Strategy & Planning,Revenue Mngmnt,Revenue Enhancement & Groups,1.20
,
Training Intervention:SUPERVISORY AND MONITORING 5.00,
,Employee Number,Employee Full Name,Business Unit,Division,Department,Weighted Gap
,856173T,JACOB BASSON,Strategy & Planning,Revenue Mngmnt,Revenue Management,2.00
,SBH132X,KENNETH NZIMANDE,Galileo,Customer Serv.,Customer Services,1.00
,CDS770D,THULANI NZIMA,Global Sales - Call Centre,Coastal,Coastal,0.60
,
Training Intervention:Self-confidence and conviction 4.00,
,Employee Number,Employee Full Name,Business Unit,Division,Department,Weighted Gap
,SBJ140Q,ANDRE MAY,Global Pass Ser& Operation Sup,Dom. GRJ,Passenger Operations,6.25
,BSN329U,CECIL MASIBA,Global Pass Ser& Operation Sup,Dom. ELS,Passenger Operations,1.00
,
Training Intervention:Self-confidence and conviction 5.00,
,Employee Number,Employee Full Name,Business Unit,Division,Department,Weighted Gap
,871924B,MATTHYS PIETERSE,Strategy & Planning,Revenue Mngmnt,Revenue Management,2.00
,
Training Intervention:Sensitivity and empathy 4.00,
,Employee Number,Employee Full Name,Business Unit,Division,Department,Weighted Gap
,SBJ140Q,ANDRE MAY,Global Pass Ser& Operation Sup,Dom. GRJ,Passenger Operations,5.00
,SBB289K,HANUSKA ABOO,Operations Support,Operations,Crew Management Johannesburg,2.50
,871924B,MATTHYS PIETERSE,Strategy & Planning,Revenue Mngmnt,Revenue Management,1.25
,
Training Intervention:Stress management 4.00,
,Employee Number,Employee Full Name,Business Unit,Division,Department,Weighted Gap
,BSN329U,CECIL MASIBA,Global Pass Ser& Operation Sup,Dom. ELS,Passenger Operations,2.50
,SBJ140Q,ANDRE MAY,Global Pass Ser& Operation Sup,Dom. GRJ,Passenger Operations,2.50
,
Training Intervention:Stress management 5.00,
,Employee Number,Employee Full Name,Business Unit,Division,Department,Weighted Gap
,871924B,MATTHYS PIETERSE,Strategy & Planning,Revenue Mngmnt,Revenue Management,4.00
,
Training Intervention:TEAM STEERING 3.00,
,Employee Number,Employee Full Name,Business Unit,Division,Department,Weighted Gap
,SBH154L,JOHANN NELL,Global Pass Ser& Operation Sup,Intl. Stations,Domestic Departures/Arrivals/Ticketing,1.33
,
Training Intervention:TEAM STEERING 5.00,
,Employee Number,Employee Full Name,Business Unit,Division,Department,Weighted Gap
,SBH132X,KENNETH NZIMANDE,Galileo,Customer Serv.,Customer Services,2.00
,CFJ565W,MARTIN KHUMALO,Alliances,Network,Fleet Systems & Development,0.80
,
Training Intervention:TEAMWORK 4.00,
,Employee Number,Employee Full Name,Business Unit,Division,Department,Weighted Gap
,BSN329U,CECIL MASIBA,Global Pass Ser& Operation Sup,Dom. ELS,Passenger Operations,1.25
,
Training Intervention:TEAMWORK 5.00,
,Employee Number,Employee Full Name,Business Unit,Division,Department,Weighted Gap
,SBB289K,HANUSKA ABOO,Operations Support,Operations,Crew Management Johannesburg,3.00
,SBL114T,BRENDA TIFFLIN,Human Resources,Talent Man,Talent Management,1.00
,
Training Intervention:Time management 3.00,
,Employee Number,Employee Full Name,Business Unit,Division,Department,Weighted Gap
,SBJ140Q,ANDRE MAY,Global Pass Ser& Operation Sup,Dom. GRJ,Passenger Operations,3.33
,SBB980P,IRVIN LINDANI,Global Pass Ser& Operation Sup,Dom. PLZ,Passenger Operations,1.67
,
Training Intervention:Time management 4.00,
,Employee Number,Employee Full Name,Business Unit,Division,Department,Weighted Gap
,871924B,MATTHYS PIETERSE,Strategy & Planning,Revenue Mngmnt,Revenue Management,2.50
,
Training Intervention:VERBAL COMMUNICATION 5.00,
,Employee Number,Employee Full Name,Business Unit,Division,Department,Weighted Gap
,BSN329U,CECIL MASIBA,Global Pass Ser& Operation Sup,Dom. ELS,Passenger Operations,3.00
,SBH152C,JOSEPH KGONGWANE,Global Pass Ser& Operation Sup,Dom. JHB,International Departures / Arrivals,3.00
,SBB658Y,TLALE MOHAPI,Strategy & Planning,Revenue Mngmnt,Revenue Enhancement & Groups,2.40
,
Training Intervention:VISIONARY 4.00,
,Employee Number,Employee Full Name,Business Unit,Division,Department,Weighted Gap
,CDR821P,IZANNE KOTZE,Global Pass Ser& Operation Sup,Intl. Stations,Claims,2.50
,SBH132X,KENNETH NZIMANDE,Galileo,Customer Serv.,Customer Services,2.50
,CDS770D,THULANI NZIMA,Global Sales - Call Centre,Coastal,Coastal,1.00
,
Training Intervention:Valuing other employees 4.00,
,Employee Number,Employee Full Name,Business Unit,Division,Department,Weighted Gap
,SBL370C,MELINDA GOUWS,Procurement & Infrastructure,Log & Infrastru,SAA Corporate Clothing,1.50
,SBL369J,MAGDELINE SEREKEGO,Procurement & Infrastructure,Log & Infrastru,SAA Corporate Clothing,1.50
,
Training Intervention:Valuing other employees 5.00,
,Employee Number,Employee Full Name,Business Unit,Division,Department,Weighted Gap
,871924B,MATTHYS PIETERSE,Strategy & Planning,Revenue Mngmnt,Revenue Management,6.00
,
Training Intervention:WRITTEN COMMUNICATION 4.00,
,Employee Number,Employee Full Name,Business Unit,Division,Department,Weighted Gap
,SBH154L,JOHANN NELL,Global Pass Ser& Operation Sup,Intl. Stations,Domestic Departures/Arrivals/Ticketing,5.00
,SBJ140Q,ANDRE MAY,Global Pass Ser& Operation Sup,Dom. GRJ,Passenger Operations,3.75
,856173T,JACOB BASSON,Strategy & Planning,Revenue Mngmnt,Revenue Management,2.50
