,
Training Intervention:ANALYTICAL THINKING 3.00,
,Employee Number,Employee Full Name,Business Unit,Division,Department,Weighted Gap
,SBL114T,BRENDA TIFFLIN,Human Resources,Talent Man,Talent Management,0.33
,
Training Intervention:ANALYTICAL THINKING 5.00,
,Employee Number,Employee Full Name,Business Unit,Division,Department,Weighted Gap
,856173T,JACOB BASSON,Strategy & Planning,Revenue Mngmnt,Revenue Management,0.40
,
Training Intervention:Assertiveness 4.00,
,Employee Number,Employee Full Name,Business Unit,Division,Department,Weighted Gap
,704950M,ERIC ZWARTS,Procurement & Infrastructure,Log & Infrastru,Procurement,0.25
