,
Training Intervention:ANALYTICAL THINKING 2.00,
,Employee Number,Employee Full Name,Business Unit,Division,Department,Weighted Gap
,CFH069W,KARONAGARIE SUBROYEN,Procurement & Infrastructure,Log & Infrastru,SAA Corporate Clothing,0.50
,
Training Intervention:ANALYTICAL THINKING 5.00,
,Employee Number,Employee Full Name,Business Unit,Division,Department,Weighted Gap
,SBC955W,ELIZABETH NTSIBANDE,Strategy & Planning,Revenue Mngmnt,Revenue Enhancement & Groups,4.00
,CDR821P,IZANNE KOTZE,Global Pass Ser& Operation Sup,Intl. Stations,Claims,2.00
,CDS770D,THULANI NZIMA,Global Sales - Call Centre,Coastal,Coastal,0.80
